INSERT INTO users (username, uuid, role) VALUES
                                             ('카카오1', '550e8400-e29b-41d4-a716-446655440000', 'ROLE_MANAGER'),
                                             ('카카오2', '550e8400-e29b-41d4-a716-446655440001', 'ROLE_MANAGER'),
                                             ('카카오3', '550e8400-e29b-41d4-a716-446655440002', 'ROLE_MANAGER'),
                                             ('카카오4', '550e8400-e29b-41d4-a716-446655440003', 'ROLE_MANAGER'),
                                             ('카카오5', '550e8400-e29b-41d4-a716-446655440004', 'ROLE_MANAGER'),
                                             ('카카오6', '550e8400-e29b-41d4-a716-446655440005', 'ROLE_MANAGER'),
                                             ('카카오7', '550e8400-e29b-41d4-a716-446655440006', 'ROLE_MANAGER'),
                                             ('카카오8', '550e8400-e29b-41d4-a716-446655440007', 'ROLE_MANAGER'),
                                             ('카카오9', '550e8400-e29b-41d4-a716-446655440008', 'ROLE_MANAGER'),
                                             ('카카오10', '550e8400-e29b-41d4-a716-446655440009', 'ROLE_MANAGER');

INSERT INTO managers (user_id, manager_name, profile_image, career, comment, working_region, gender, is_registered) VALUES
                                                                                                                        (1, '김철수', 'image1.jpg', '10년 경력', '성실하고 책임감이 강합니다.', '부산 해운대구', '남성', TRUE),
                                                                                                                        (2, '이영희', 'image2.jpg', '5년 경력', '친절하게 안내합니다.', '부산 남구', '여성', TRUE),
                                                                                                                        (3, '박민수', 'image3.jpg', '8년 경력', '정확하고 신뢰할 수 있습니다.', '부산 북구', '남성', TRUE),
                                                                                                                        (4, '최수진', 'image4.jpg', '6년 경력', '꼼꼼하게 일 처리합니다.', '부산 동래구', '여성', TRUE),
                                                                                                                        (5, '정지훈', 'image5.jpg', '7년 경력', '언제나 최선을 다합니다.', '부산 연제구', '남성', TRUE),
                                                                                                                        (6, '홍길동', 'image6.jpg', '9년 경력', '고객 만족을 위해 노력합니다.', '부산 수영구', '남성', TRUE),
                                                                                                                        (7, '윤미라', 'image7.jpg', '3년 경력', '긍정적인 에너지가 가득합니다.', '부산 사하구', '여성', TRUE),
                                                                                                                        (8, '강동현', 'image8.jpg', '11년 경력', '신뢰할 수 있는 전문가입니다.', '부산 강서구', '남성', TRUE),
                                                                                                                        (9, '오지훈', 'image9.jpg', '4년 경력', '언제나 밝은 모습으로 응대합니다.', '부산 기장군', '남성', TRUE),
                                                                                                                        (10, '서지민', 'image10.jpg', '2년 경력', '세심하고 꼼꼼하게 돕겠습니다.', '부산 서구', '여성', TRUE);


INSERT INTO working_hour (manager_id, mon_start_time, mon_end_time, tue_start_time, tue_end_time, wed_start_time, wed_end_time, thu_start_time, thu_end_time, fri_start_time, fri_end_time, sat_start_time, sat_end_time, sun_start_time, sun_end_time) VALUES
                                                                                                                                                                                                                                                            (1, '09:00', '18:00', '09:00', '18:00', '09:00', '18:00', '09:00', '18:00', '09:00', '18:00', '10:00', '16:00', '00:00', '00:00'),
                                                                                                                                                                                                                                                            (2, '08:00', '17:00', '08:00', '17:00', '08:00', '17:00', '08:00', '17:00', '08:00', '17:00', '09:00', '15:00', '00:00', '00:00'),
                                                                                                                                                                                                                                                            (3, '10:00', '19:00', '10:00', '19:00', '10:00', '19:00', '10:00', '19:00', '10:00', '19:00', '10:00', '14:00', '00:00', '00:00'),
                                                                                                                                                                                                                                                            (4, '07:00', '16:00', '07:00', '16:00', '07:00', '16:00', '07:00', '16:00', '07:00', '16:00', '09:00', '13:00', '00:00', '00:00'),
                                                                                                                                                                                                                                                            (5, '11:00', '20:00', '11:00', '20:00', '11:00', '20:00', '11:00', '20:00', '11:00', '20:00', '11:00', '15:00', '00:00', '00:00'),
                                                                                                                                                                                                                                                            (6, '09:00', '18:00', '09:00', '18:00', '09:00', '18:00', '09:00', '18:00', '09:00', '18:00', '10:00', '14:00', '00:00', '00:00'),
                                                                                                                                                                                                                                                            (7, '08:30', '17:30', '08:30', '17:30', '08:30', '17:30', '08:30', '17:30', '08:30', '17:30', '09:30', '13:30', '00:00', '00:00'),
                                                                                                                                                                                                                                                            (8, '07:30', '16:30', '07:30', '16:30', '07:30', '16:30', '07:30', '16:30', '07:30', '16:30', '08:30', '12:30', '00:00', '00:00'),
                                                                                                                                                                                                                                                            (9, '12:00', '21:00', '12:00', '21:00', '12:00', '21:00', '12:00', '21:00', '12:00', '21:00', '13:00', '17:00', '00:00', '00:00'),
                                                                                                                                                                                                                                                            (10, '09:00', '18:00', '09:00', '18:00', '09:00', '18:00', '09:00', '18:00', '09:00', '18:00', '10:00', '16:00', '00:00', '00:00');



INSERT INTO certificates (certificate_image, manager_id) VALUES
                                                             ('images/certificate/12345678', 1),
                                                             ('images/certificate/12345678', 2),
                                                             ('images/certificate/12345678', 2),
                                                             ('images/certificate/12345678', 3),
                                                             ('images/certificate/12345678', 4),
                                                             ('images/certificate/12345678', 5),
                                                             ('images/certificate/12345678', 5),
                                                             ('images/certificate/12345678', 6),
                                                             ('images/certificate/12345678', 7),
                                                             ('images/certificate/12345678', 8),
                                                             ('images/certificate/12345678', 8),
                                                             ('images/certificate/12345678', 9),
                                                             ('images/certificate/12345678', 10),
                                                             ('images/certificate/12345678', 10);

